<?xml version="1.0" encoding="UTF-8"?><idempiere Name="org.kenos.idempiere.bcb" Version="1.0.0" idempiereVersion="" DataBaseVersion="" Description="- Obtém a cotação de moedas PTAX diretamente do site do Banco Central do Brasil (BCB)&#10;- Grava a cotação com validade de 1 semana" Author="" AuthorEmail="rsantana@kenos.com.br" CreatedDate="2018-08-19 14:08:23.601" UpdatedDate="2018-08-19 14:08:23.601" PackOutVersion="100" UpdateDictionary="false" Client="0-SYSTEM-System" AD_Client_UU="11237b53-9592-4af1-b3c5-afd216514b5d">
    <AD_EntityType type="table">
        <AD_Client_ID>0</AD_Client_ID>
        <AD_Org_ID>0</AD_Org_ID>
        <EntityType>LBRA</EntityType>
        <IsActive>Y</IsActive>
        <Name>AdempiereLBR</Name>
        <Description>AdempiereLBR modifications</Description>
        <Help>Entity type for AdempiereLBR Customizations and custom Extensions.</Help>
        <Version/>
        <ModelPackage>org.adempierelbr.model</ModelPackage>
        <Classpath/>
        <Processing>N</Processing>
        <AD_EntityType_UU>7a917d53-d197-4879-a3bc-9b0db77a6178</AD_EntityType_UU>
    </AD_EntityType>
    <AD_Package_Exp type="table">
        <AD_Client_ID>0</AD_Client_ID>
        <AD_Org_ID>0</AD_Org_ID>
        <AD_Package_Type>X</AD_Package_Type>
        <EMail>rsantana@kenos.com.br</EMail>
        <Instructions>- É possível agendar o processo para ser executado diariamente</Instructions>
        <Name>org.kenos.idempiere.bcb</Name>
        <Processed>N</Processed>
        <ReleaseNo/>
        <Version/>
        <UserName/>
        <Processing>N</Processing>
        <PK_Version>1.0.0</PK_Version>
        <IsActive>Y</IsActive>
        <File_Directory/>
        <Description>- Obtém a cotação de moedas PTAX diretamente do site do Banco Central do Brasil (BCB)
- Grava a cotação com validade de 1 semana</Description>
        <AD_Package_Exp_UU>5d9d0cb0-1fa5-4163-a441-ee7eb197a0ac</AD_Package_Exp_UU>
        <DateFrom/>
        <IsExportDictionaryEntity>N</IsExportDictionaryEntity>
    </AD_Package_Exp>
    <AD_Package_Exp_Detail type="table">
        <AD_Client_ID>0</AD_Client_ID>
        <AD_Org_ID>0</AD_Org_ID>
        <AD_Form_ID reference="id"/>
        <AD_ImpFormat_ID reference="id"/>
        <AD_Menu_ID reference="id"/>
        <AD_Process_ID reference="id"/>
        <AD_Role_ID reference="id">0</AD_Role_ID>
        <AD_Window_ID reference="id"/>
        <AD_Workflow_ID reference="id"/>
        <IsActive>Y</IsActive>
        <File_Directory/>
        <FileName/>
        <Destination_FileName/>
        <Destination_Directory/>
        <Description>This 2Pack</Description>
        <DBType>ALL</DBType>
        <Type>D</Type>
        <Target_Directory/>
        <SQLStatement>SELECT * FROM AD_Package_Exp WHERE AD_Package_Exp_UU='5d9d0cb0-1fa5-4163-a441-ee7eb197a0ac'</SQLStatement>
        <ReleaseNo/>
        <Processing>N</Processing>
        <Processed>N</Processed>
        <Name2/>
        <Line>20</Line>
        <AD_Workbench_ID reference="id"/>
        <AD_Table_ID reference="id">50005</AD_Table_ID>
        <AD_ReportView_ID reference="id"/>
        <AD_Package_Exp_ID reference="uuid" reference-key="AD_Package_Exp">5d9d0cb0-1fa5-4163-a441-ee7eb197a0ac</AD_Package_Exp_ID>
        <AD_Package_Code_New/>
        <AD_Package_Code_Old/>
        <AD_Val_Rule_ID reference="id"/>
        <AD_Message_ID reference="id"/>
        <AD_PrintFormat_ID reference="id"/>
        <AD_Reference_ID reference="id"/>
        <AD_ModelValidator_ID reference="id"/>
        <AD_EntityType_ID reference="id"/>
        <AD_Package_Exp_Detail_UU>0224dbed-a27c-4d3e-ae0f-fdcb18326a3d</AD_Package_Exp_Detail_UU>
    </AD_Package_Exp_Detail>
    <AD_Package_Exp_Detail type="table">
        <AD_Client_ID>0</AD_Client_ID>
        <AD_Org_ID>0</AD_Org_ID>
        <AD_Form_ID reference="id"/>
        <AD_ImpFormat_ID reference="id"/>
        <AD_Menu_ID reference="id"/>
        <AD_Process_ID reference="id"/>
        <AD_Role_ID reference="id">0</AD_Role_ID>
        <AD_Window_ID reference="id"/>
        <AD_Workflow_ID reference="id"/>
        <IsActive>Y</IsActive>
        <File_Directory/>
        <FileName/>
        <Destination_FileName/>
        <Destination_Directory/>
        <Description>This 2Pack Detail</Description>
        <DBType>ALL</DBType>
        <Type>D</Type>
        <Target_Directory/>
        <SQLStatement>SELECT * FROM AD_Package_Exp_Detail WHERE EXISTS (SELECT '1' FROM AD_Package_Exp WHERE AD_Package_Exp_UU='5d9d0cb0-1fa5-4163-a441-ee7eb197a0ac' AND AD_Package_Exp.AD_Package_Exp_ID=AD_Package_Exp_Detail.AD_Package_Exp_ID)</SQLStatement>
        <ReleaseNo/>
        <Processing>N</Processing>
        <Processed>N</Processed>
        <Name2/>
        <Line>30</Line>
        <AD_Workbench_ID reference="id"/>
        <AD_Table_ID reference="id">50006</AD_Table_ID>
        <AD_ReportView_ID reference="id"/>
        <AD_Package_Exp_ID reference="uuid" reference-key="AD_Package_Exp">5d9d0cb0-1fa5-4163-a441-ee7eb197a0ac</AD_Package_Exp_ID>
        <AD_Package_Code_New/>
        <AD_Package_Code_Old/>
        <AD_Val_Rule_ID reference="id"/>
        <AD_Message_ID reference="id"/>
        <AD_PrintFormat_ID reference="id"/>
        <AD_Reference_ID reference="id"/>
        <AD_ModelValidator_ID reference="id"/>
        <AD_EntityType_ID reference="id"/>
        <AD_Package_Exp_Detail_UU>2ba0b21a-41a7-4b9c-adc5-3b9ae954c052</AD_Package_Exp_Detail_UU>
    </AD_Package_Exp_Detail>
    <AD_Package_Exp_Detail type="table">
        <AD_Client_ID>0</AD_Client_ID>
        <AD_Org_ID>0</AD_Org_ID>
        <AD_Form_ID reference="id"/>
        <AD_ImpFormat_ID reference="id"/>
        <AD_Menu_ID reference="uuid" reference-key="AD_Menu">19334d4b-fecf-488d-b2e9-0e6b55b0a5a6</AD_Menu_ID>
        <AD_Process_ID reference="id"/>
        <AD_Role_ID reference="id">0</AD_Role_ID>
        <AD_Window_ID reference="id"/>
        <AD_Workflow_ID reference="id"/>
        <IsActive>Y</IsActive>
        <File_Directory/>
        <FileName/>
        <Destination_FileName/>
        <Destination_Directory/>
        <Description/>
        <DBType>ALL</DBType>
        <Type>M</Type>
        <Target_Directory/>
        <SQLStatement/>
        <ReleaseNo/>
        <Processing>N</Processing>
        <Processed>N</Processed>
        <Name2/>
        <Line>40</Line>
        <AD_Workbench_ID reference="id"/>
        <AD_Table_ID reference="id"/>
        <AD_ReportView_ID reference="id"/>
        <AD_Package_Exp_ID reference="uuid" reference-key="AD_Package_Exp">5d9d0cb0-1fa5-4163-a441-ee7eb197a0ac</AD_Package_Exp_ID>
        <AD_Package_Code_New/>
        <AD_Package_Code_Old/>
        <AD_Val_Rule_ID reference="id"/>
        <AD_Message_ID reference="id"/>
        <AD_PrintFormat_ID reference="id"/>
        <AD_Reference_ID reference="id"/>
        <AD_ModelValidator_ID reference="id"/>
        <AD_EntityType_ID reference="id"/>
        <AD_Package_Exp_Detail_UU>13bfed4f-63b6-4ae0-add8-f67e64ce69da</AD_Package_Exp_Detail_UU>
    </AD_Package_Exp_Detail>
    <AD_Package_Exp_Detail type="table">
        <AD_Client_ID>0</AD_Client_ID>
        <AD_Org_ID>0</AD_Org_ID>
        <AD_Form_ID reference="id"/>
        <AD_ImpFormat_ID reference="id"/>
        <AD_Menu_ID reference="id"/>
        <AD_Process_ID reference="id"/>
        <AD_Role_ID reference="id">0</AD_Role_ID>
        <AD_Window_ID reference="id"/>
        <AD_Workflow_ID reference="id"/>
        <IsActive>Y</IsActive>
        <File_Directory/>
        <FileName/>
        <Destination_FileName/>
        <Destination_Directory/>
        <Description/>
        <DBType>ALL</DBType>
        <Type>ET</Type>
        <Target_Directory/>
        <SQLStatement/>
        <ReleaseNo/>
        <Processing>N</Processing>
        <Processed>N</Processed>
        <Name2/>
        <Line>10</Line>
        <AD_Workbench_ID reference="id"/>
        <AD_Table_ID reference="id"/>
        <AD_ReportView_ID reference="id"/>
        <AD_Package_Exp_ID reference="uuid" reference-key="AD_Package_Exp">5d9d0cb0-1fa5-4163-a441-ee7eb197a0ac</AD_Package_Exp_ID>
        <AD_Package_Code_New/>
        <AD_Package_Code_Old/>
        <AD_Val_Rule_ID reference="id"/>
        <AD_Message_ID reference="id"/>
        <AD_PrintFormat_ID reference="id"/>
        <AD_Reference_ID reference="id"/>
        <AD_ModelValidator_ID reference="id"/>
        <AD_EntityType_ID reference="uuid" reference-key="AD_EntityType">7a917d53-d197-4879-a3bc-9b0db77a6178</AD_EntityType_ID>
        <AD_Package_Exp_Detail_UU>57deb861-17d8-4d01-9a17-adcd2af4dc19</AD_Package_Exp_Detail_UU>
    </AD_Package_Exp_Detail>
    <AD_Menu type="table">
        <Parent_ID reference="id">164</Parent_ID>
        <SeqNo>10</SeqNo>
        <AD_Client_ID>0</AD_Client_ID>
        <AD_Org_ID>0</AD_Org_ID>
        <Name>Get Currency Convetion</Name>
        <Description/>
        <Action>P</Action>
        <AD_Window_ID reference="id"/>
        <AD_Workflow_ID reference="id"/>
        <AD_Task_ID reference="id"/>
        <IsActive>Y</IsActive>
        <IsSummary>N</IsSummary>
        <AD_Process_ID reference="uuid" reference-key="AD_Process">95fac253-9fed-49d1-a442-5b71f9ba016e</AD_Process_ID>
        <IsSOTrx>Y</IsSOTrx>
        <AD_Form_ID reference="id"/>
        <IsReadOnly>N</IsReadOnly>
        <EntityType>LBRA</EntityType>
        <IsCentrallyMaintained>Y</IsCentrallyMaintained>
        <AD_Menu_UU>19334d4b-fecf-488d-b2e9-0e6b55b0a5a6</AD_Menu_UU>
        <AD_InfoWindow_ID reference="id"/>
        <AD_Menu_Trl type="translation">
            <Name>Obter Conversões de Moeda</Name>
            <Description/>
            <AD_Language>en_US</AD_Language>
            <IsActive>Y</IsActive>
            <IsTranslated>N</IsTranslated>
        </AD_Menu_Trl>
        <AD_Menu_Trl type="translation">
            <Name>Obter Conversões de Moeda</Name>
            <Description/>
            <AD_Language>pt_BR</AD_Language>
            <IsActive>Y</IsActive>
            <IsTranslated>N</IsTranslated>
        </AD_Menu_Trl>
        <AD_Process type="table">
            <AD_Client_ID>0</AD_Client_ID>
            <AD_Org_ID>0</AD_Org_ID>
            <IsActive>Y</IsActive>
            <Name>Get Currency Convetion</Name>
            <Description>Get Currency Convetion from Brazilian Central Bank</Description>
            <Help/>
            <ProcedureName/>
            <IsReport>N</IsReport>
            <Value>LBR_GetCurrencyConv</Value>
            <IsDirectPrint>N</IsDirectPrint>
            <AD_ReportView_ID reference="id"/>
            <Classname>org.kenos.adempiere.bcb.GetConversion</Classname>
            <AccessLevel>3</AccessLevel>
            <EntityType>LBRA</EntityType>
            <Statistic_Count>1</Statistic_Count>
            <Statistic_Seconds>1</Statistic_Seconds>
            <AD_PrintFormat_ID reference="id"/>
            <WorkflowValue/>
            <AD_Workflow_ID reference="id"/>
            <IsBetaFunctionality>N</IsBetaFunctionality>
            <IsServerProcess>N</IsServerProcess>
            <ShowHelp>Y</ShowHelp>
            <JasperReport/>
            <AD_Form_ID reference="id"/>
            <CopyFromProcess>N</CopyFromProcess>
            <AD_Process_UU>95fac253-9fed-49d1-a442-5b71f9ba016e</AD_Process_UU>
            <AD_CtxHelp_ID reference="id"/>
            <AD_Process_Trl type="translation">
                <Help>Você pode selecionar uma moeda específica ou pode digitar uma lista separada por vírgula no padrão ISO</Help>
                <Description>Obtém as conversões de moedas diretamente do Banco Central do Brasil</Description>
                <Name>Obter Conversões de Moeda</Name>
                <AD_Language>pt_BR</AD_Language>
                <IsActive>Y</IsActive>
                <IsTranslated>Y</IsTranslated>
            </AD_Process_Trl>
            <AD_Process_Trl type="translation">
                <Help/>
                <Description>Get Currency Convetion from Brazilian Central Bank</Description>
                <Name>Get Currency Convetion</Name>
                <AD_Language>en_US</AD_Language>
                <IsActive>Y</IsActive>
                <IsTranslated>N</IsTranslated>
            </AD_Process_Trl>
            <AD_Process_Para type="table">
                <AD_Client_ID>0</AD_Client_ID>
                <AD_Org_ID>0</AD_Org_ID>
                <IsActive>Y</IsActive>
                <Name>Currency Code</Name>
                <Description>Currency Code (Comma-separated for multiple currencies query)</Description>
                <Help/>
                <AD_Process_ID reference="uuid" reference-key="AD_Process">95fac253-9fed-49d1-a442-5b71f9ba016e</AD_Process_ID>
                <SeqNo>30</SeqNo>
                <AD_Reference_ID reference="id">10</AD_Reference_ID>
                <AD_Reference_Value_ID reference="id"/>
                <IsRange>N</IsRange>
                <AD_Val_Rule_ID reference="id"/>
                <FieldLength>0</FieldLength>
                <IsMandatory>N</IsMandatory>
                <DefaultValue/>
                <VFormat/>
                <ValueMin/>
                <ValueMax/>
                <ColumnName>ISO_Code</ColumnName>
                <DefaultValue2/>
                <IsCentrallyMaintained>N</IsCentrallyMaintained>
                <EntityType>LBRA</EntityType>
                <AD_Element_ID reference="id">328</AD_Element_ID>
                <ReadOnlyLogic/>
                <DisplayLogic/>
                <AD_Process_Para_UU>2a7a9316-678e-4383-b7d6-f3e1b94202d5</AD_Process_Para_UU>
                <IsEncrypted>N</IsEncrypted>
                <MandatoryLogic/>
                <AD_Process_Para_Trl type="translation">
                    <Help/>
                    <Name>Currency Code</Name>
                    <Description>Currency Code (Comma-separated for multiple currencies query)</Description>
                    <AD_Language>en_US</AD_Language>
                    <IsActive>Y</IsActive>
                    <IsTranslated>N</IsTranslated>
                </AD_Process_Para_Trl>
                <AD_Process_Para_Trl type="translation">
                    <Help/>
                    <Name>Código da Moeda</Name>
                    <Description>Separe com ponto-e-vírgula para pesquisar múltiplas moedas</Description>
                    <AD_Language>pt_BR</AD_Language>
                    <IsActive>Y</IsActive>
                    <IsTranslated>Y</IsTranslated>
                </AD_Process_Para_Trl>
            </AD_Process_Para>
            <AD_Process_Para type="table">
                <AD_Client_ID>0</AD_Client_ID>
                <AD_Org_ID>0</AD_Org_ID>
                <IsActive>Y</IsActive>
                <Name>Currency</Name>
                <Description/>
                <Help/>
                <AD_Process_ID reference="uuid" reference-key="AD_Process">95fac253-9fed-49d1-a442-5b71f9ba016e</AD_Process_ID>
                <SeqNo>20</SeqNo>
                <AD_Reference_ID reference="id">19</AD_Reference_ID>
                <AD_Reference_Value_ID reference="id"/>
                <IsRange>N</IsRange>
                <AD_Val_Rule_ID reference="id"/>
                <FieldLength>0</FieldLength>
                <IsMandatory>N</IsMandatory>
                <DefaultValue>-1</DefaultValue>
                <VFormat/>
                <ValueMin/>
                <ValueMax/>
                <ColumnName>C_Currency_ID</ColumnName>
                <DefaultValue2/>
                <IsCentrallyMaintained>Y</IsCentrallyMaintained>
                <EntityType>LBRA</EntityType>
                <AD_Element_ID reference="id">193</AD_Element_ID>
                <ReadOnlyLogic/>
                <DisplayLogic/>
                <AD_Process_Para_UU>83a44538-5861-4531-8aa9-8f63a41fc796</AD_Process_Para_UU>
                <IsEncrypted>N</IsEncrypted>
                <MandatoryLogic/>
                <AD_Process_Para_Trl type="translation">
                    <Help/>
                    <Name>Currency</Name>
                    <Description/>
                    <AD_Language>en_US</AD_Language>
                    <IsActive>Y</IsActive>
                    <IsTranslated>N</IsTranslated>
                </AD_Process_Para_Trl>
                <AD_Process_Para_Trl type="translation">
                    <Help/>
                    <Name>Currency</Name>
                    <Description/>
                    <AD_Language>pt_BR</AD_Language>
                    <IsActive>Y</IsActive>
                    <IsTranslated>N</IsTranslated>
                </AD_Process_Para_Trl>
            </AD_Process_Para>
            <AD_Process_Para type="table">
                <AD_Client_ID>0</AD_Client_ID>
                <AD_Org_ID>0</AD_Org_ID>
                <IsActive>Y</IsActive>
                <Name>Date Transaction</Name>
                <Description/>
                <Help/>
                <AD_Process_ID reference="uuid" reference-key="AD_Process">95fac253-9fed-49d1-a442-5b71f9ba016e</AD_Process_ID>
                <SeqNo>10</SeqNo>
                <AD_Reference_ID reference="id">15</AD_Reference_ID>
                <AD_Reference_Value_ID reference="id"/>
                <IsRange>N</IsRange>
                <AD_Val_Rule_ID reference="id"/>
                <FieldLength>0</FieldLength>
                <IsMandatory>Y</IsMandatory>
                <DefaultValue>@#Date@</DefaultValue>
                <VFormat/>
                <ValueMin/>
                <ValueMax/>
                <ColumnName>DateTrx</ColumnName>
                <DefaultValue2/>
                <IsCentrallyMaintained>Y</IsCentrallyMaintained>
                <EntityType>LBRA</EntityType>
                <AD_Element_ID reference="id">1297</AD_Element_ID>
                <ReadOnlyLogic/>
                <DisplayLogic/>
                <AD_Process_Para_UU>227a3422-7a8c-4ad6-95a6-5266f5c61ccf</AD_Process_Para_UU>
                <IsEncrypted>N</IsEncrypted>
                <MandatoryLogic/>
                <AD_Process_Para_Trl type="translation">
                    <Help/>
                    <Name>Date Transaction</Name>
                    <Description/>
                    <AD_Language>en_US</AD_Language>
                    <IsActive>Y</IsActive>
                    <IsTranslated>N</IsTranslated>
                </AD_Process_Para_Trl>
                <AD_Process_Para_Trl type="translation">
                    <Help/>
                    <Name>Date Transaction</Name>
                    <Description/>
                    <AD_Language>pt_BR</AD_Language>
                    <IsActive>Y</IsActive>
                    <IsTranslated>N</IsTranslated>
                </AD_Process_Para_Trl>
            </AD_Process_Para>
        </AD_Process>
    </AD_Menu>
</idempiere>
