<?xml version="1.0" encoding="UTF-8"?><?xml-stylesheet type="text/css" href="idempiereDocument.css"?><idempiereDocument>
    <header>org.kenos.idempiere.bcb Package Description</header>
    <H1>Package Name:</H1>
    <packagename>org.kenos.idempiere.bcb</packagename>
    <H1>Author:</H1>
    <Name:/>
    <H1>Email Address:</H1>
    <Email>rsantana@kenos.com.br</Email>
    <H1>Created:</H1>
    <Date>2018-08-19 14:08:23.601</Date>
    <H1>Updated:</H1>
    <Date>2018-08-19 14:08:23.601</Date>
    <H1>Description:</H1>
    <description>- Obtém a cotação de moedas PTAX diretamente do site do Banco Central do Brasil (BCB)
- Grava a cotação com validade de 1 semana</description>
    <H1>Instructions:</H1>
    <instructions>- É possível agendar o processo para ser executado diariamente</instructions>
    <H1>Files in Package:</H1>
    <file>File: PackOut.xml</file>
    <filedirectory>Directory: \dict\</filedirectory>
    <filenotes>Notes: Contains all application/object settings for package</filenotes>
    <H1>Client:</H1>
    <Client>0-SYSTEM-System</Client>
</idempiereDocument>
